module,skill,display-name,menu-code,description,action,args,phase,preceded-by,followed-by,required,output-location,outputs
LCH Builder,_meta,,,,,,,,,false,https://lch-builder-docs.lch-method.org/llms.txt,
LCH Builder,lch-bmb-setup,Setup Builder Module,SB,"Install or update LCH Builder module config and help entries.",configure,"{-H: headless mode}|{inline values: skip prompts with provided values}",anytime,,,false,{project-root}/_lch,config.yaml and config.user.yaml
LCH Builder,lch-agent-builder,Build an Agent,BA,"Create, edit, or rebuild an agent skill through conversational discovery.",build-process,"{-H: headless mode}|{description: initial agent concept}|{path: existing agent to edit or rebuild}",anytime,,lch-agent-builder:quality-analysis,false,lch_builder_output_folder,agent skill
LCH Builder,lch-agent-builder,Analyze an Agent,AA,"Run quality analysis on an existing agent — structure, cohesion, prompt craft, and enhancement opportunities.",quality-analysis,"{-H: headless mode}|{path: agent to analyze}",anytime,lch-agent-builder:build-process,,false,lch_builder_reports,quality report
LCH Builder,lch-workflow-builder,Build a Workflow,BW,"Create, edit, or rebuild a workflow or utility skill.",build-process,"{-H: headless mode}|{description: initial skill concept}|{path: existing skill to edit or rebuild}",anytime,,lch-workflow-builder:quality-analysis,false,lch_builder_output_folder,workflow skill
LCH Builder,lch-workflow-builder,Analyze a Workflow,AW,"Run quality analysis on an existing workflow/skill — structure, efficiency, and enhancement opportunities.",quality-analysis,"{-H: headless mode}|{path: skill to analyze}",anytime,lch-workflow-builder:build-process,,false,lch_builder_reports,quality report
LCH Builder,lch-workflow-builder,Convert a Skill,CW,"Convert any skill to LCH-compliant, outcome-driven equivalent with before/after HTML comparison report.",convert-process,"{--convert: path or URL to source skill}|{-H: headless mode}",anytime,,,false,lch_builder_reports,converted skill + comparison report
LCH Builder,lch-module-builder,Ideate Module,IM,"Brainstorm and plan a LCH module — explore ideas, decide architecture, and produce a build plan.",ideate-module,"{description: initial module idea}",anytime,,lch-module-builder:create-module,false,lch_builder_reports,module plan
LCH Builder,lch-module-builder,Create Module,CM,"Scaffold module infrastructure into built skills, making them an installable LCH module.",create-module,"{-H: headless mode}|{path: skills folder or single SKILL.md}",anytime,lch-module-builder:ideate-module,,false,lch_builder_output_folder,setup skill
LCH Builder,lch-module-builder,Validate Module,VM,"Check that a module's structure is complete, accurate, and all capabilities are properly registered.",validate-module,"{-H: headless mode}|{path: module or skill to validate}",anytime,lch-module-builder:create-module,,false,lch_builder_reports,validation report
